country,tournament,tournament_id,season_id,team_name,team_id,player_name,player_id,age,height,player_country,position,preferred_foot,contract_until,market_value,market_currency,league,season
England,Premier League,17,76986,Arsenal,42,Viktor Gyökeres,804508,28,187.0,Sweden,F,Right,1909008000.0,61000000.0,EUR,premier_league,25/26
England,Premier League,17,76986,Arsenal,42,Bukayo Saka,934235,24,178.0,England,F,Left,1909008000.0,115000000.0,EUR,premier_league,25/26
England,Premier League,17,76986,Arsenal,42,Kai Havertz,836705,27,193.0,Germany,F,Left,1845936000.0,53000000.0,EUR,premier_league,25/26
England,Premier League,17,76986,Arsenal,42,Gabriel Jesus,794839,29,175.0,Brazil,F,Right,1814313600.0,17600000.0,EUR,premier_league,25/26
England,Premier League,17,76986,Arsenal,42,Gabriel Martinelli,922573,25,180.0,Brazil,F,Right,1814313600.0,42000000.0,EUR,premier_league,25/26
England,Premier League,17,76986,Arsenal,42,Noni Madueke,966547,24,182.0,England,F,Left,1909008000.0,54000000.0,EUR,premier_league,25/26
England,Premier League,17,76986,Arsenal,42,Leandro Trossard,135666,31,172.0,Belgium,F,Right,1814313600.0,19300000.0,EUR,premier_league,25/26
England,Premier League,17,76986,Arsenal,42,Martin Ødegaard,547410,27,178.0,Norway,M,Left,1845936000.0,71000000.0,EUR,premier_league,25/26
England,Premier League,17,76986,Arsenal,42,Declan Rice,856714,27,188.0,England,M,Right,1845936000.0,114000000.0,EUR,premier_league,25/26
England,Premier League,17,76986,Arsenal,42,Eberechi Eze,864921,28,178.0,England,M,Right,1877472000.0,69000000.0,EUR,premier_league,25/26
England,Premier League,17,76986,Arsenal,42,Mikel Merino,592010,30,188.0,Spain,M,Left,1845936000.0,26000000.0,EUR,premier_league,25/26
England,Premier League,17,76986,Arsenal,42,Max Dowman,1917626,16,183.0,England,M,Left,,31000000.0,EUR,premier_league,25/26
England,Premier League,17,76986,Arsenal,42,Martín Zubimendi,966837,27,180.0,Spain,M,Right,1909008000.0,77000000.0,EUR,premier_league,25/26
England,Premier League,17,76986,Arsenal,42,Christian Nørgaard,135256,32,185.0,Denmark,M,Right,1814313600.0,4800000.0,EUR,premier_league,25/26
England,Premier League,17,76986,Arsenal,42,Gabriel Magalhães,869792,28,190.0,Brazil,D,Left,1877472000.0,70000000.0,EUR,premier_league,25/26
England,Premier League,17,76986,Arsenal,42,William Saliba,941168,25,193.0,France,D,Right,1909008000.0,94000000.0,EUR,premier_league,25/26
England,Premier League,17,76986,Arsenal,42,Piero Hincapié,1002837,24,184.0,Ecuador,D,Left,1782777600.0,46000000.0,EUR,premier_league,25/26
England,Premier League,17,76986,Arsenal,42,Jurriën Timber,958959,25,179.0,Netherlands,D,Right,1845936000.0,73000000.0,EUR,premier_league,25/26
England,Premier League,17,76986,Arsenal,42,Riccardo Calafiori,957602,24,188.0,Italy,D,Left,1877472000.0,53000000.0,EUR,premier_league,25/26
England,Premier League,17,76986,Arsenal,42,Cristhian Mosquera,1144630,22,191.0,Spain,D,Right,1909008000.0,38000000.0,EUR,premier_league,25/26
England,Premier League,17,76986,Arsenal,42,Myles Lewis-Skelly,1423711,19,178.0,England,D,Left,1909008000.0,48000000.0,EUR,premier_league,25/26
England,Premier League,17,76986,Arsenal,42,Ben White,846036,28,186.0,England,D,Right,1845936000.0,27000000.0,EUR,premier_league,25/26
England,Premier League,17,76986,Arsenal,42,David Raya,581310,30,183.0,Spain,G,Right,1845936000.0,33000000.0,EUR,premier_league,25/26
England,Premier League,17,76986,Arsenal,42,Kepa Arrizabalaga,232422,31,188.0,Spain,G,Right,1845936000.0,5300000.0,EUR,premier_league,25/26
England,Premier League,17,76986,Manchester City,17,Erling Haaland,839956,25,194.0,Norway,F,Left,2035238400.0,218000000.0,EUR,premier_league,25/26
England,Premier League,17,76986,Manchester City,17,Omar Marmoush,873554,27,183.0,Egypt,F,Right,1877472000.0,55000000.0,EUR,premier_league,25/26
England,Premier League,17,76986,Manchester City,17,Phil Foden,859765,26,171.0,England,M,Left,1814313600.0,66000000.0,EUR,premier_league,25/26
England,Premier League,17,76986,Manchester City,17,Antoine Semenyo,934354,26,185.0,Ghana,M,Right,1940544000.0,85000000.0,EUR,premier_league,25/26
England,Premier League,17,76986,Manchester City,17,Rayan Cherki,979128,22,176.0,France,M,Both,1909008000.0,98000000.0,EUR,premier_league,25/26
England,Premier League,17,76986,Manchester City,17,Bernardo Silva,331209,31,173.0,Portugal,M,Left,1782777600.0,21000000.0,EUR,premier_league,25/26
England,Premier League,17,76986,Manchester City,17,Rodri,827606,30,191.0,Spain,M,Right,1814313600.0,45000000.0,EUR,premier_league,25/26
England,Premier League,17,76986,Manchester City,17,Jérémy Doku,934386,24,173.0,Belgium,M,Right,1845936000.0,70000000.0,EUR,premier_league,25/26
England,Premier League,17,76986,Manchester City,17,Savinho,1046795,22,176.0,Brazil,M,Left,1940544000.0,37000000.0,EUR,premier_league,25/26
England,Premier League,17,76986,Manchester City,17,Tijjani Reijnders,893549,27,185.0,Netherlands,M,Right,1909008000.0,48000000.0,EUR,premier_league,25/26
England,Premier League,17,76986,Manchester City,17,Mateo Kovačić,136710,32,178.0,Croatia,M,Right,1814313600.0,9700000.0,EUR,premier_league,25/26
England,Premier League,17,76986,Manchester City,17,Nico González,954056,24,186.0,Spain,M,Right,1877472000.0,43000000.0,EUR,premier_league,25/26
England,Premier League,17,76986,Manchester City,17,Sverre Nypan,1146511,19,182.0,Norway,M,Both,1909008000.0,11700000.0,EUR,premier_league,25/26
England,Premier League,17,76986,Manchester City,17,Abdukodir Khusanov,1194333,22,186.0,Uzbekistan,D,Right,1877472000.0,47000000.0,EUR,premier_league,25/26
England,Premier League,17,76986,Manchester City,17,Joško Gvardiol,964994,24,186.0,Croatia,D,Left,1845936000.0,64000000.0,EUR,premier_league,25/26
England,Premier League,17,76986,Manchester City,17,Rayan Aït-Nouri,931278,25,179.0,Algeria,D,Left,1909008000.0,39000000.0,EUR,premier_league,25/26
England,Premier League,17,76986,Manchester City,17,Rúben Dias,318941,29,188.0,Portugal,D,Right,1877472000.0,60000000.0,EUR,premier_league,25/26
England,Premier League,17,76986,Manchester City,17,Nico O'Reilly,1142703,21,193.0,England,D,Left,1909008000.0,76000000.0,EUR,premier_league,25/26
England,Premier League,17,76986,Manchester City,17,Marc Guéhi,877994,25,182.0,England,D,Right,1940544000.0,66000000.0,EUR,premier_league,25/26
England,Premier League,17,76986,Manchester City,17,John Stones,152077,32,188.0,England,D,Right,1782777600.0,10900000.0,EUR,premier_league,25/26
England,Premier League,17,76986,Manchester City,17,Matheus Nunes,945122,27,183.0,Portugal,D,Right,1845936000.0,48000000.0,EUR,premier_league,25/26
England,Premier League,17,76986,Manchester City,17,Nathan Aké,149663,31,180.0,Netherlands,D,Left,1814313600.0,10900000.0,EUR,premier_league,25/26
England,Premier League,17,76986,Manchester City,17,Rico Lewis,1136731,21,170.0,England,D,Right,1909008000.0,26000000.0,EUR,premier_league,25/26
England,Premier League,17,76986,Manchester City,17,Max Alleyne,1168513,20,185.0,England,D,Both,1909008000.0,7800000.0,EUR,premier_league,25/26
England,Premier League,17,76986,Manchester City,17,Gianluigi Donnarumma,824509,27,196.0,Italy,G,Right,1909008000.0,46000000.0,EUR,premier_league,25/26
England,Premier League,17,76986,Manchester City,17,James Trafford,980643,23,197.0,England,G,Right,1909008000.0,27000000.0,EUR,premier_league,25/26
England,Premier League,17,76986,Manchester City,17,Marcus Bettinelli,257993,34,194.0,England,G,Right,1814313600.0,320000.0,EUR,premier_league,25/26
England,Premier League,17,76986,Manchester United,35,Bryan Mbeumo,927083,26,173.0,Cameroon,F,Left,1909008000.0,73000000.0,EUR,premier_league,25/26
England,Premier League,17,76986,Manchester United,35,Benjamin Šeško,986397,23,195.0,Slovenia,F,Right,1909008000.0,78000000.0,EUR,premier_league,25/26
England,Premier League,17,76986,Manchester United,35,Matheus Cunha,886363,27,184.0,Brazil,F,Right,1909008000.0,79000000.0,EUR,premier_league,25/26
England,Premier League,17,76986,Manchester United,35,Mason Mount,836694,27,181.0,England,F,Right,1845936000.0,23000000.0,EUR,premier_league,25/26
England,Premier League,17,76986,Manchester United,35,Joshua Zirkzee,917007,25,193.0,Netherlands,F,Right,1877472000.0,21000000.0,EUR,premier_league,25/26
England,Premier League,17,76986,Manchester United,35,Chido Obi-Martin,1566204,18,188.0,Denmark,F,Right,,4600000.0,EUR,premier_league,25/26
England,Premier League,17,76986,Manchester United,35,Bruno Fernandes,288205,31,179.0,Portugal,M,Right,1814313600.0,32000000.0,EUR,premier_league,25/26
England,Premier League,17,76986,Manchester United,35,Amad Diallo,971037,23,173.0,Côte d'Ivoire,M,Left,1909008000.0,44000000.0,EUR,premier_league,25/26
England,Premier League,17,76986,Manchester United,35,Casemiro,122951,34,185.0,Brazil,M,Right,1782777600.0,5500000.0,EUR,premier_league,25/26
England,Premier League,17,76986,Manchester United,35,Kobbie Mainoo,1142175,21,184.0,England,M,Right,1940544000.0,72000000.0,EUR,premier_league,25/26
England,Premier League,17,76986,Manchester United,35,Patrick Dorgu,1397168,21,185.0,Denmark,M,Left,1909008000.0,33000000.0,EUR,premier_league,25/26
England,Premier League,17,76986,Manchester United,35,Manuel Ugarte,846425,25,182.0,Uruguay,M,Right,1877472000.0,24000000.0,EUR,premier_league,25/26
England,Premier League,17,76986,Manchester United,35,Noussair Mazraoui,847030,28,183.0,Morocco,D,Right,1845936000.0,17500000.0,EUR,premier_league,25/26
England,Premier League,17,76986,Manchester United,35,Lisandro Martínez,859999,28,175.0,Argentina,D,Left,1814313600.0,42000000.0,EUR,premier_league,25/26
England,Premier League,17,76986,Manchester United,35,Matthijs de Ligt,803031,26,188.0,Netherlands,D,Right,1877472000.0,32000000.0,EUR,premier_league,25/26
England,Premier League,17,76986,Manchester United,35,Harry Maguire,149380,33,194.0,England,D,Right,1814313600.0,8600000.0,EUR,premier_league,25/26
England,Premier League,17,76986,Manchester United,35,Diogo Dalot,843200,27,184.0,Portugal,D,Right,1845936000.0,28000000.0,EUR,premier_league,25/26
England,Premier League,17,76986,Manchester United,35,Leny Yoro,1153315,20,190.0,France,D,Right,1877472000.0,46000000.0,EUR,premier_league,25/26
England,Premier League,17,76986,Manchester United,35,Luke Shaw,190839,30,178.0,England,D,Left,1814313600.0,7500000.0,EUR,premier_league,25/26
England,Premier League,17,76986,Manchester United,35,Ayden Heaven,1445799,19,189.0,England,D,Left,1877472000.0,32000000.0,EUR,premier_league,25/26
England,Premier League,17,76986,Manchester United,35,Tyrell Malacia,825839,26,169.0,Netherlands,D,Left,1782777600.0,4200000.0,EUR,premier_league,25/26
England,Premier League,17,76986,Manchester United,35,Tyler Fredricson,1142182,21,184.0,England,D,Right,1845936000.0,2800000.0,EUR,premier_league,25/26
England,Premier League,17,76986,Manchester United,35,Senne Lammens,964753,23,193.0,Belgium,G,Right,1909008000.0,38000000.0,EUR,premier_league,25/26
England,Premier League,17,76986,Manchester United,35,Altay Bayındır,815890,28,198.0,Türkiye,G,Right,1814313600.0,4900000.0,EUR,premier_league,25/26
England,Premier League,17,76986,Manchester United,35,Tom Heaton,18122,40,188.0,England,G,Right,1814313600.0,94000.0,EUR,premier_league,25/26
England,Premier League,17,76986,Aston Villa,40,Ollie Watkins,555386,30,179.0,England,F,Right,1845936000.0,26000000.0,EUR,premier_league,25/26
England,Premier League,17,76986,Aston Villa,40,Tammy Abraham,610766,28,195.0,England,F,Right,1909008000.0,16500000.0,EUR,premier_league,25/26
England,Premier League,17,76986,Aston Villa,40,Jadon Sancho,851100,26,180.0,England,M,Right,1782777600.0,17500000.0,EUR,premier_league,25/26
England,Premier League,17,76986,Aston Villa,40,Harvey Elliott,955245,23,170.0,England,M,Left,1782777600.0,21000000.0,EUR,premier_league,25/26
England,Premier League,17,76986,Aston Villa,40,Morgan Rogers,948261,23,187.0,England,M,Right,1940544000.0,86000000.0,EUR,premier_league,25/26
England,Premier League,17,76986,Aston Villa,40,Douglas Luiz,867887,28,175.0,Brazil,M,Right,1782777600.0,19200000.0,EUR,premier_league,25/26
England,Premier League,17,76986,Aston Villa,40,Youri Tielemans,331737,29,177.0,Belgium,M,Right,1845936000.0,33000000.0,EUR,premier_league,25/26
England,Premier League,17,76986,Aston Villa,40,Emiliano Buendía,783126,29,170.0,Argentina,M,Right,1814313600.0,14600000.0,EUR,premier_league,25/26
England,Premier League,17,76986,Aston Villa,40,Amadou Onana,923973,24,195.0,Belgium,M,Both,1877472000.0,41000000.0,EUR,premier_league,25/26
England,Premier League,17,76986,Aston Villa,40,Leon Bailey,808590,28,178.0,Jamaica,M,Left,1814313600.0,13100000.0,EUR,premier_league,25/26
England,Premier League,17,76986,Aston Villa,40,John McGinn,250223,31,175.0,Scotland,M,Left,1845936000.0,12600000.0,EUR,premier_league,25/26
England,Premier League,17,76986,Aston Villa,40,Boubacar Kamara,826204,26,184.0,France,M,Right,1909008000.0,39000000.0,EUR,premier_league,25/26
England,Premier League,17,76986,Aston Villa,40,Ross Barkley,98435,32,188.0,England,M,Right,1814313600.0,3600000.0,EUR,premier_league,25/26
England,Premier League,17,76986,Aston Villa,40,Alysson,1631879,20,184.0,Brazil,M,Left,1940544000.0,10800000.0,EUR,premier_league,25/26
England,Premier League,17,76986,Aston Villa,40,Lamare Bogarde,1089388,22,183.0,Netherlands,M,Right,1845936000.0,17500000.0,EUR,premier_league,25/26
England,Premier League,17,76986,Aston Villa,40,Bradley Burrowes,1899712,18,169.0,England,M,Right,,1800000.0,EUR,premier_league,25/26
England,Premier League,17,76986,Aston Villa,40,Matty Cash,833956,28,185.0,Poland,D,Right,1877472000.0,19800000.0,EUR,premier_league,25/26
England,Premier League,17,76986,Aston Villa,40,Victor Lindelöf,143334,31,187.0,Sweden,D,Right,1814313600.0,4800000.0,EUR,premier_league,25/26
England,Premier League,17,76986,Aston Villa,40,Lucas Digne,96538,32,178.0,France,D,Left,1845936000.0,5500000.0,EUR,premier_league,25/26
England,Premier League,17,76986,Aston Villa,40,Ian Maatsen,976263,24,178.0,Netherlands,D,Left,1909008000.0,28000000.0,EUR,premier_league,25/26
England,Premier League,17,76986,Aston Villa,40,Pau Torres,864169,29,192.0,Spain,D,Left,1845936000.0,21000000.0,EUR,premier_league,25/26
England,Premier League,17,76986,Aston Villa,40,Ezri Konsa,827679,28,183.0,England,D,Right,1845936000.0,42000000.0,EUR,premier_league,25/26
England,Premier League,17,76986,Aston Villa,40,Tyrone Mings,303638,33,195.0,England,D,Left,1814313600.0,3200000.0,EUR,premier_league,25/26
England,Premier League,17,76986,Aston Villa,40,Andrés García,1457536,23,183.0,Spain,D,Right,1877472000.0,6500000.0,EUR,premier_league,25/26
England,Premier League,17,76986,Aston Villa,40,Emiliano Martínez,158263,33,195.0,Argentina,G,Right,1877472000.0,11500000.0,EUR,premier_league,25/26
England,Premier League,17,76986,Aston Villa,40,Marco Bizot,100390,35,194.0,Netherlands,G,Right,1814313600.0,1400000.0,EUR,premier_league,25/26
England,Premier League,17,76986,Liverpool FC,44,Alexander Isak,823941,26,193.0,Sweden,F,Right,1940544000.0,88000000.0,EUR,premier_league,25/26
England,Premier League,17,76986,Liverpool FC,44,Hugo Ekitiké,1048422,24,190.0,France,F,Right,1940544000.0,77000000.0,EUR,premier_league,25/26
England,Premier League,17,76986,Liverpool FC,44,Federico Chiesa,845386,28,175.0,Italy,F,Right,1845936000.0,11900000.0,EUR,premier_league,25/26
England,Premier League,17,76986,Liverpool FC,44,Rio Ngumoha,1881902,17,170.0,England,F,Right,1845936000.0,29000000.0,EUR,premier_league,25/26
England,Premier League,17,76986,Liverpool FC,44,Mohamed Salah,159665,34,175.0,Egypt,M,Left,1814313600.0,21000000.0,EUR,premier_league,25/26
England,Premier League,17,76986,Liverpool FC,44,Florian Wirtz,1019322,23,175.0,Germany,M,Right,1909008000.0,95000000.0,EUR,premier_league,25/26
England,Premier League,17,76986,Liverpool FC,44,Dominik Szoboszlai,869856,25,187.0,Hungary,M,Right,1845936000.0,91000000.0,EUR,premier_league,25/26
England,Premier League,17,76986,Liverpool FC,44,Alexis Mac Allister,895324,27,176.0,Argentina,M,Right,1845936000.0,77000000.0,EUR,premier_league,25/26
England,Premier League,17,76986,Liverpool FC,44,Cody Gakpo,862967,27,193.0,Netherlands,M,Right,1909008000.0,58000000.0,EUR,premier_league,25/26
England,Premier League,17,76986,Liverpool FC,44,Ryan Gravenberch,904897,24,190.0,Netherlands,M,Right,1972166400.0,87000000.0,EUR,premier_league,25/26
England,Premier League,17,76986,Liverpool FC,44,Wataru Endo,143040,33,178.0,Japan,M,Right,1814313600.0,3700000.0,EUR,premier_league,25/26
England,Premier League,17,76986,Liverpool FC,44,Curtis Jones,927353,25,185.0,England,M,Right,1814313600.0,33000000.0,EUR,premier_league,25/26
England,Premier League,17,76986,Liverpool FC,44,Stefan Bajčetić,1142636,21,185.0,Spain,M,Right,1814313600.0,3900000.0,EUR,premier_league,25/26
England,Premier League,17,76986,Liverpool FC,44,Trey Nyoni,1445945,18,180.0,England,M,Right,1909008000.0,8500000.0,EUR,premier_league,25/26
England,Premier League,17,76986,Liverpool FC,44,Virgil van Dijk,151545,34,195.0,Netherlands,D,Right,1814313600.0,15500000.0,EUR,premier_league,25/26
England,Premier League,17,76986,Liverpool FC,44,Ibrahima Konaté,826215,27,195.0,France,D,Right,1782777600.0,46000000.0,EUR,premier_league,25/26
England,Premier League,17,76986,Liverpool FC,44,Jeremie Frimpong,970361,25,171.0,Netherlands,D,Right,1909008000.0,36000000.0,EUR,premier_league,25/26
England,Premier League,17,76986,Liverpool FC,44,Andy Robertson,262911,32,178.0,Scotland,D,Left,1782777600.0,7500000.0,EUR,premier_league,25/26
England,Premier League,17,76986,Liverpool FC,44,Miloš Kerkez,1097425,22,180.0,Hungary,D,Left,1909008000.0,36000000.0,EUR,premier_league,25/26
England,Premier League,17,76986,Liverpool FC,44,Conor Bradley,1008402,22,181.0,Northern Ireland,D,Right,1877472000.0,27000000.0,EUR,premier_league,25/26
England,Premier League,17,76986,Liverpool FC,44,Giovanni Leoni,1473137,19,196.0,Italy,D,Right,1940544000.0,27000000.0,EUR,premier_league,25/26
England,Premier League,17,76986,Liverpool FC,44,Joe Gomez,318927,29,188.0,England,D,Right,1814313600.0,12600000.0,EUR,premier_league,25/26
England,Premier League,17,76986,Liverpool FC,44,Rhys Williams,902091,25,197.0,England,D,Right,1782777600.0,480000.0,EUR,premier_league,25/26
England,Premier League,17,76986,Liverpool FC,44,Calvin Ramsay,991227,22,177.0,Scotland,D,Right,1814313600.0,1500000.0,EUR,premier_league,25/26
England,Premier League,17,76986,Liverpool FC,44,Alisson,243609,33,193.0,Brazil,G,Right,1814313600.0,16500000.0,EUR,premier_league,25/26
England,Premier League,17,76986,Liverpool FC,44,Giorgi Mamardashvili,930997,25,200.0,Georgia,G,Left,1940544000.0,29000000.0,EUR,premier_league,25/26
England,Premier League,17,76986,Liverpool FC,44,Freddie Woodman,284417,29,187.0,England,G,Right,1782777600.0,3100000.0,EUR,premier_league,25/26
England,Premier League,17,76986,Liverpool FC,44,Harvey Davies,1008403,22,185.0,England,G,Left,1814313600.0,470000.0,EUR,premier_league,25/26
England,Premier League,17,76986,Bournemouth,60,Amine Adli,991478,26,174.0,Morocco,F,Left,1909008000.0,18100000.0,EUR,premier_league,25/26
England,Premier League,17,76986,Bournemouth,60,Eli Junior Kroupi,1426228,20,179.0,France,F,Right,1909008000.0,72000000.0,EUR,premier_league,25/26
England,Premier League,17,76986,Bournemouth,60,Evanilson,998490,26,181.0,Brazil,F,Both,1877472000.0,33000000.0,EUR,premier_league,25/26
England,Premier League,17,76986,Bournemouth,60,Enes Ünal,336655,29,185.0,Türkiye,F,Right,1845936000.0,6800000.0,EUR,premier_league,25/26
England,Premier League,17,76986,Bournemouth,60,Rayan,1464966,19,185.0,Brazil,M,Left,1940544000.0,58000000.0,EUR,premier_league,25/26
England,Premier League,17,76986,Bournemouth,60,Justin Kluivert,851596,27,171.0,Netherlands,M,Right,1845936000.0,24000000.0,EUR,premier_league,25/26
England,Premier League,17,76986,Bournemouth,60,Ben Gannon-Doak,1154861,20,174.0,Scotland,M,Right,1909008000.0,14600000.0,EUR,premier_league,25/26
England,Premier League,17,76986,Bournemouth,60,Alex Tóth,1476524,20,181.0,Hungary,M,Right,1940544000.0,13100000.0,EUR,premier_league,25/26
England,Premier League,17,76986,Bournemouth,60,Alex Scott,1104986,22,178.0,England,M,Right,1845936000.0,53000000.0,EUR,premier_league,25/26
England,Premier League,17,76986,Bournemouth,60,Tyler Adams,800419,27,175.0,USA,M,Right,1845936000.0,26000000.0,EUR,premier_league,25/26
England,Premier League,17,76986,Bournemouth,60,Marcus Tavernier,895576,27,178.0,England,M,Left,1877472000.0,23000000.0,EUR,premier_league,25/26
England,Premier League,17,76986,Bournemouth,60,Ryan Christie,322391,31,178.0,Scotland,M,Left,1877472000.0,8600000.0,EUR,premier_league,25/26
England,Premier League,17,76986,Bournemouth,60,David Brooks,855731,28,173.0,Wales,M,Left,1877472000.0,11000000.0,EUR,premier_league,25/26
England,Premier League,17,76986,Bournemouth,60,Lewis Cook,548188,29,175.0,England,M,Right,1845936000.0,11600000.0,EUR,premier_league,25/26
England,Premier League,17,76986,Bournemouth,60,Marcos Senesi,830659,29,184.0,Argentina,D,Left,1782777600.0,23000000.0,EUR,premier_league,25/26
England,Premier League,17,76986,Bournemouth,60,Julio Soler,1201520,21,175.0,Argentina,D,Left,1877472000.0,8300000.0,EUR,premier_league,25/26
England,Premier League,17,76986,Bournemouth,60,Álex Jiménez,1184308,21,177.0,Spain,D,Right,1782777600.0,19900000.0,EUR,premier_league,25/26
England,Premier League,17,76986,Bournemouth,60,Veljko Milosavljević,1406130,19,192.0,Serbia,D,Right,1909008000.0,18600000.0,EUR,premier_league,25/26
England,Premier League,17,76986,Bournemouth,60,Bafodé Diakité,962408,25,182.0,France,D,Right,1909008000.0,23000000.0,EUR,premier_league,25/26
England,Premier League,17,76986,Bournemouth,60,Adrien Truffert,999028,24,176.0,France,D,Left,1909008000.0,28000000.0,EUR,premier_league,25/26
England,Premier League,17,76986,Bournemouth,60,James Hill,1156586,24,184.0,England,D,Right,1877472000.0,24000000.0,EUR,premier_league,25/26
England,Premier League,17,76986,Bournemouth,60,Adam Smith,44566,35,180.0,England,D,Right,1814313600.0,310000.0,EUR,premier_league,25/26
England,Premier League,17,76986,Bournemouth,60,Matai Akinmboni,1190712,19,191.0,USA,D,Left,1814313600.0,1000000.0,EUR,premier_league,25/26
England,Premier League,17,76986,Bournemouth,60,Đorđe Petrović,882604,26,194.0,Serbia,G,Right,1909008000.0,29000000.0,EUR,premier_league,25/26
England,Premier League,17,76986,Bournemouth,60,Christos Mandas,913762,24,189.0,Greece,G,Right,1782777600.0,8199999.0,EUR,premier_league,25/26
England,Premier League,17,76986,Bournemouth,60,Fraser Forster,19314,38,201.0,England,G,Right,1782777600.0,440000.0,EUR,premier_league,25/26
England,Premier League,17,76986,Sunderland,41,Bertrand Traoré,218160,30,180.0,Burkina Faso,F,Left,1782777600.0,3800000.0,EUR,premier_league,25/26
England,Premier League,17,76986,Sunderland,41,Wilson Isidor,877980,25,184.0,Haiti,F,Right,1845936000.0,18500000.0,EUR,premier_league,25/26
England,Premier League,17,76986,Sunderland,41,Brian Brobbey,910048,24,180.0,Netherlands,F,Right,1877472000.0,32000000.0,EUR,premier_league,25/26
England,Premier League,17,76986,Sunderland,41,Eliezer Mayenda,1168588,21,179.0,Spain,F,Left,1909008000.0,16600000.0,EUR,premier_league,25/26
England,Premier League,17,76986,Sunderland,41,Ahmed Abdullahi,1442017,22,181.0,Nigeria,F,Right,1845936000.0,750000.0,EUR,premier_league,25/26
England,Premier League,17,76986,Sunderland,41,Romaine Mundle,1094440,23,177.0,England,F,Right,1845936000.0,6800000.0,EUR,premier_league,25/26
England,Premier League,17,76986,Sunderland,41,Granit Xhaka,117777,33,185.0,Switzerland,M,Left,1845936000.0,8500000.0,EUR,premier_league,25/26
England,Premier League,17,76986,Sunderland,41,Noah Sadiki,1171539,21,173.0,DR Congo,M,Right,1909008000.0,37000000.0,EUR,premier_league,25/26
England,Premier League,17,76986,Sunderland,41,Chemsdine Talbi,1142675,21,175.0,Morocco,M,Right,1909008000.0,23000000.0,EUR,premier_league,25/26
England,Premier League,17,76986,Sunderland,41,Habib Diarra,1128532,22,179.0,Senegal,M,Right,1909008000.0,37000000.0,EUR,premier_league,25/26
England,Premier League,17,76986,Sunderland,41,Nilson Angulo,1116571,23,182.0,Ecuador,M,Right,1909008000.0,16500000.0,EUR,premier_league,25/26
England,Premier League,17,76986,Sunderland,41,Enzo Le Fée,984014,26,173.0,France,M,Right,1877472000.0,26000000.0,EUR,premier_league,25/26
England,Premier League,17,76986,Sunderland,41,Chris Rigg,1394089,19,177.0,England,M,Left,1909008000.0,24000000.0,EUR,premier_league,25/26
England,Premier League,17,76986,Sunderland,41,Jocelin Ta Bi,2138729,21,175.0,Côte d'Ivoire,M,Left,1909008000.0,2600000.0,EUR,premier_league,25/26
England,Premier League,17,76986,Sunderland,41,Milan Aleksić,1409347,20,179.0,Serbia,M,Right,1845936000.0,665000.0,EUR,premier_league,25/26
England,Premier League,17,76986,Sunderland,41,Abdoullah Ba,1000139,22,180.0,France,M,Both,1814313600.0,1400000.0,EUR,premier_league,25/26
England,Premier League,17,76986,Sunderland,41,Harrison Jones,1186076,21,185.0,England,M,Right,1814313600.0,145000.0,EUR,premier_league,25/26
England,Premier League,17,76986,Sunderland,41,Jaydon Jones,1891914,19,175.0,England,M,Right,,,,premier_league,25/26
England,Premier League,17,76986,Sunderland,41,Reinildo Mandava,831424,32,180.0,Mozambique,D,Left,1814313600.0,4099999.0,EUR,premier_league,25/26
England,Premier League,17,76986,Sunderland,41,Nordi Mukiele,780014,28,185.0,France,D,Right,1877472000.0,15200000.0,EUR,premier_league,25/26
England,Premier League,17,76986,Sunderland,41,Omar Alderete,805137,29,187.0,Paraguay,D,Left,1877472000.0,13800000.0,EUR,premier_league,25/26
England,Premier League,17,76986,Sunderland,41,Daniel Ballard,958878,26,187.0,Northern Ireland,D,Right,1877472000.0,22000000.0,EUR,premier_league,25/26
England,Premier League,17,76986,Sunderland,41,Lutsharel Geertruida,856739,25,185.0,Netherlands,D,Right,1782777600.0,22000000.0,EUR,premier_league,25/26
England,Premier League,17,76986,Sunderland,41,Trai Hume,989034,24,180.0,Northern Ireland,D,Right,1909008000.0,20000000.0,EUR,premier_league,25/26
England,Premier League,17,76986,Sunderland,41,Dennis Cirkin,1014987,24,180.0,Latvia,D,Left,1782777600.0,5600000.0,EUR,premier_league,25/26
England,Premier League,17,76986,Sunderland,41,Luke O'Nien,365812,31,174.0,England,D,Right,1814313600.0,660000.0,EUR,premier_league,25/26
England,Premier League,17,76986,Sunderland,41,Oliver Bainbridge,1154116,21,190.0,England,D,Left,,92000.0,EUR,premier_league,25/26
England,Premier League,17,76986,Sunderland,41,Robin Roefs,1012928,23,193.0,Netherlands,G,Left,1909008000.0,29000000.0,EUR,premier_league,25/26
England,Premier League,17,76986,Sunderland,41,Melker Ellborg,1099795,23,191.0,Sweden,G,Right,1909008000.0,2800000.0,EUR,premier_league,25/26
England,Premier League,17,76986,Sunderland,41,Simon Moore,95461,36,191.0,England,G,Right,1814313600.0,81000.0,EUR,premier_league,25/26
England,Premier League,17,76986,Brighton & Hove Albion,30,Danny Welbeck,33902,35,185.0,England,F,Right,1814313600.0,3100000.0,EUR,premier_league,25/26
England,Premier League,17,76986,Brighton & Hove Albion,30,Charalampos Kostoulas,1416535,19,185.0,Greece,F,Right,1909008000.0,27000000.0,EUR,premier_league,25/26
England,Premier League,17,76986,Brighton & Hove Albion,30,Stefanos Tzimas,1155321,20,184.0,Greece,F,Both,1909008000.0,18500000.0,EUR,premier_league,25/26
England,Premier League,17,76986,Brighton & Hove Albion,30,Carlos Baleba,1199043,22,179.0,Cameroon,M,Left,1845936000.0,53000000.0,EUR,premier_league,25/26
England,Premier League,17,76986,Brighton & Hove Albion,30,Kaoru Mitoma,936849,29,178.0,Japan,M,Right,1814313600.0,20000000.0,EUR,premier_league,25/26
England,Premier League,17,76986,Brighton & Hove Albion,30,Diego Gómez,1065588,23,185.0,Paraguay,M,Right,1909008000.0,27000000.0,EUR,premier_league,25/26
England,Premier League,17,76986,Brighton & Hove Albion,30,Yasin Ayari,1036269,22,172.0,Sweden,M,Right,1814313600.0,32000000.0,EUR,premier_league,25/26
England,Premier League,17,76986,Brighton & Hove Albion,30,Yankuba Minteh,1400106,21,180.0,Gambia,M,Left,1877472000.0,42000000.0,EUR,premier_league,25/26
England,Premier League,17,76986,Brighton & Hove Albion,30,Pascal Groß,48480,35,181.0,Germany,M,Right,1814313600.0,2300000.0,EUR,premier_league,25/26
England,Premier League,17,76986,Brighton & Hove Albion,30,Matt O'Riley,891829,25,187.0,Denmark,M,Left,1877472000.0,16500000.0,EUR,premier_league,25/26
England,Premier League,17,76986,Brighton & Hove Albion,30,Georginio Rutter,946695,24,182.0,France,M,Left,1845936000.0,31000000.0,EUR,premier_league,25/26
England,Premier League,17,76986,Brighton & Hove Albion,30,James Milner,791,40,175.0,England,M,Right,1782777600.0,,,premier_league,25/26
England,Premier League,17,76986,Brighton & Hove Albion,30,Ibrahim Osman,1471095,21,177.0,Ghana,M,Right,1877472000.0,7400000.0,EUR,premier_league,25/26
England,Premier League,17,76986,Brighton & Hove Albion,30,Jack Hinshelwood,1142315,21,182.0,England,M,Right,1877472000.0,27000000.0,EUR,premier_league,25/26
England,Premier League,17,76986,Brighton & Hove Albion,30,Malick Yalcouyé,1568186,20,171.0,Côte d'Ivoire,M,Right,1877472000.0,12600000.0,EUR,premier_league,25/26
England,Premier League,17,76986,Brighton & Hove Albion,30,Solly March,301288,31,180.0,England,M,Left,1782777600.0,1000000.0,EUR,premier_league,25/26
England,Premier League,17,76986,Brighton & Hove Albion,30,Amario Cozier-Duberry,1138842,21,170.0,England,M,Left,1845936000.0,4500000.0,EUR,premier_league,25/26
England,Premier League,17,76986,Brighton & Hove Albion,30,Tom Watson,1167066,20,190.0,England,M,Right,1877472000.0,7500000.0,EUR,premier_league,25/26
England,Premier League,17,76986,Brighton & Hove Albion,30,Ferdi Kadıoğlu,825844,26,174.0,Türkiye,D,Right,1845936000.0,36000000.0,EUR,premier_league,25/26
England,Premier League,17,76986,Brighton & Hove Albion,30,Jan Paul van Hecke,962012,26,189.0,Netherlands,D,Right,1814313600.0,49000000.0,EUR,premier_league,25/26
England,Premier League,17,76986,Brighton & Hove Albion,30,Maxim De Cuyper,997152,25,183.0,Belgium,D,Left,1909008000.0,21000000.0,EUR,premier_league,25/26
England,Premier League,17,76986,Brighton & Hove Albion,30,Mats Wieffer,959628,26,188.0,Netherlands,D,Right,1877472000.0,24000000.0,EUR,premier_league,25/26
England,Premier League,17,76986,Brighton & Hove Albion,30,Lewis Dunk,115365,34,190.0,England,D,Right,1814313600.0,3600000.0,EUR,premier_league,25/26
England,Premier League,17,76986,Brighton & Hove Albion,30,Igor Júlio,842513,28,185.0,Brazil,D,Left,1814313600.0,9700000.0,EUR,premier_league,25/26
England,Premier League,17,76986,Brighton & Hove Albion,30,Joël Veltman,219572,34,184.0,Netherlands,D,Right,1782777600.0,1500000.0,EUR,premier_league,25/26
England,Premier League,17,76986,Brighton & Hove Albion,30,Olivier Boscagli,788784,28,181.0,France,D,Left,1909008000.0,13900000.0,EUR,premier_league,25/26
England,Premier League,17,76986,Brighton & Hove Albion,30,Adam Webster,216308,31,191.0,England,D,Right,1782777600.0,3100000.0,EUR,premier_league,25/26
England,Premier League,17,76986,Brighton & Hove Albion,30,Eiran Cashin,998928,24,184.0,Ireland,D,Left,1909008000.0,5300000.0,EUR,premier_league,25/26
England,Premier League,17,76986,Brighton & Hove Albion,30,Bart Verbruggen,994363,23,193.0,Netherlands,G,Right,1845936000.0,37000000.0,EUR,premier_league,25/26
England,Premier League,17,76986,Brighton & Hove Albion,30,James Beadle,1148507,21,201.0,England,G,Right,1845936000.0,5500000.0,EUR,premier_league,25/26
England,Premier League,17,76986,Brighton & Hove Albion,30,Jason Steele,31867,35,188.0,England,G,Right,1814313600.0,480000.0,EUR,premier_league,25/26
England,Premier League,17,76986,Brighton & Hove Albion,30,Carl Rushworth,1005800,24,191.0,England,G,Left,1814313600.0,15500000.0,EUR,premier_league,25/26
England,Premier League,17,76986,Brighton & Hove Albion,30,Tom McGill,1007073,26,185.0,Canada,G,Right,1814313600.0,515000.0,EUR,premier_league,25/26
England,Premier League,17,76986,Brentford,50,Igor Thiago,1016907,25,191.0,Brazil,F,Right,1940544000.0,68000000.0,EUR,premier_league,25/26
England,Premier League,17,76986,Brentford,50,Fabio Carvalho,991604,23,170.0,Portugal,F,Right,1877472000.0,7800000.0,EUR,premier_league,25/26
England,Premier League,17,76986,Brentford,50,Kaye Furo,1403098,19,190.0,Belgium,F,Right,1940544000.0,7600000.0,EUR,premier_league,25/26
England,Premier League,17,76986,Brentford,50,Romelle Donovan,1586020,19,171.0,England,F,Left,1909008000.0,3700000.0,EUR,premier_league,25/26
England,Premier League,17,76986,Brentford,50,Dango Ouattara,1106451,24,177.0,Burkina Faso,M,Left,1909008000.0,36000000.0,EUR,premier_league,25/26
England,Premier League,17,76986,Brentford,50,Jordan Henderson,42694,36,183.0,England,M,Right,1814313600.0,1300000.0,EUR,premier_league,25/26
England,Premier League,17,76986,Brentford,50,Frank Onyeka,885864,28,183.0,Nigeria,M,Right,1814313600.0,7700000.0,EUR,premier_league,25/26
England,Premier League,17,76986,Brentford,50,Reiss Nelson,826139,26,175.0,England,M,Right,1782777600.0,8800000.0,EUR,premier_league,25/26
England,Premier League,17,76986,Brentford,50,Mikkel Damsgaard,907072,25,180.0,Denmark,M,Right,1909008000.0,29000000.0,EUR,premier_league,25/26
England,Premier League,17,76986,Brentford,50,Kevin Schade,1006387,24,183.0,Germany,M,Both,1845936000.0,36000000.0,EUR,premier_league,25/26
England,Premier League,17,76986,Brentford,50,Yehor Yarmoliuk,1031258,22,180.0,Ukraine,M,Right,1940544000.0,30000000.0,EUR,premier_league,25/26
England,Premier League,17,76986,Brentford,50,Antoni Milambo,1126692,21,179.0,Netherlands,M,Right,1909008000.0,15500000.0,EUR,premier_league,25/26
England,Premier League,17,76986,Brentford,50,Mathias Jensen,799251,30,180.0,Denmark,M,Both,1814313600.0,10400000.0,EUR,premier_league,25/26
England,Premier League,17,76986,Brentford,50,Vitaly Janelt,814873,28,184.0,Germany,M,Left,1909008000.0,16600000.0,EUR,premier_league,25/26
England,Premier League,17,76986,Brentford,50,Yunus Konak,1518589,20,181.0,Türkiye,M,Right,1877472000.0,3300000.0,EUR,premier_league,25/26
England,Premier League,17,76986,Brentford,50,Josh Dasilva,856260,27,184.0,England,M,Left,1814313600.0,1500000.0,EUR,premier_league,25/26
England,Premier League,17,76986,Brentford,50,Ryan Trevitt,1177007,23,170.0,England,M,Right,1782777600.0,290000.0,EUR,premier_league,25/26
England,Premier League,17,76986,Brentford,50,Michael Kayode,1137431,21,179.0,Italy,D,Right,1909008000.0,39000000.0,EUR,premier_league,25/26
England,Premier League,17,76986,Brentford,50,Kristoffer Ajer,576384,28,196.0,Norway,D,Right,1909008000.0,19500000.0,EUR,premier_league,25/26
England,Premier League,17,76986,Brentford,50,Sepp van den Berg,924378,24,192.0,Netherlands,D,Right,1877472000.0,33000000.0,EUR,premier_league,25/26
England,Premier League,17,76986,Brentford,50,Nathan Collins,958916,25,193.0,Ireland,D,Right,1877472000.0,29000000.0,EUR,premier_league,25/26
England,Premier League,17,76986,Brentford,50,Ethan Pinnock,855864,33,194.0,Jamaica,D,Left,1814313600.0,2800000.0,EUR,premier_league,25/26
England,Premier League,17,76986,Brentford,50,Keane Lewis-Potter,972421,25,170.0,England,D,Right,1940544000.0,24000000.0,EUR,premier_league,25/26
England,Premier League,17,76986,Brentford,50,Aaron Hickey,966869,24,185.0,Scotland,D,Both,1845936000.0,16500000.0,EUR,premier_league,25/26
England,Premier League,17,76986,Brentford,50,Rico Henry,599128,28,175.0,Jamaica,D,Left,1814313600.0,13800000.0,EUR,premier_league,25/26
England,Premier League,17,76986,Brentford,50,Jayden Meghoma,1410201,20,176.0,England,D,Left,1845936000.0,1900000.0,EUR,premier_league,25/26
England,Premier League,17,76986,Brentford,50,Caoimhin Kelleher,827362,27,188.0,Ireland,G,Right,1909008000.0,25000000.0,EUR,premier_league,25/26
England,Premier League,17,76986,Brentford,50,Hákon Rafn Valdimarsson,1005959,24,195.0,Iceland,G,Right,1909008000.0,2600000.0,EUR,premier_league,25/26
England,Premier League,17,76986,Brentford,50,Matthew Cox,1065525,23,183.0,England,G,Right,1845936000.0,665000.0,EUR,premier_league,25/26
England,Premier League,17,76986,Brentford,50,Julian Eyestone,1411132,20,198.0,USA,G,Right,1940544000.0,,,premier_league,25/26
England,Premier League,17,76986,Brentford,50,Ellery Balcombe,860205,26,190.0,England,G,Right,1814313600.0,410000.0,EUR,premier_league,25/26
England,Premier League,17,76986,Chelsea,38,Alejandro Garnacho,1135873,21,180.0,Argentina,F,Right,1972166400.0,26000000.0,EUR,premier_league,25/26
England,Premier League,17,76986,Chelsea,38,João Pedro,975079,24,182.0,Brazil,F,Right,2003702400.0,74000000.0,EUR,premier_league,25/26
England,Premier League,17,76986,Chelsea,38,Marc Guiu,1414933,20,187.0,Spain,F,Right,1877472000.0,11200000.0,EUR,premier_league,25/26
England,Premier League,17,76986,Chelsea,38,Liam Delap,997087,23,186.0,England,F,Right,1940544000.0,26000000.0,EUR,premier_league,25/26
England,Premier League,17,76986,Chelsea,38,Cole Palmer,982780,24,185.0,England,M,Left,2003702400.0,92000000.0,EUR,premier_league,25/26
England,Premier League,17,76986,Chelsea,38,Estêvão,1597265,19,176.0,Brazil,M,Left,2003702400.0,82000000.0,EUR,premier_league,25/26
England,Premier League,17,76986,Chelsea,38,Enzo Fernández,974505,25,177.0,Argentina,M,Right,1972166400.0,87000000.0,EUR,premier_league,25/26
England,Premier League,17,76986,Chelsea,38,Moisés Caicedo,987650,24,178.0,Ecuador,M,Right,2003702400.0,104000000.0,EUR,premier_league,25/26
England,Premier League,17,76986,Chelsea,38,Mykhailo Mudryk,958966,25,175.0,Ukraine,M,Right,1940544000.0,42000000.0,EUR,premier_league,25/26
England,Premier League,17,76986,Chelsea,38,Pedro Neto,879349,26,172.0,Portugal,M,Left,1940544000.0,58000000.0,EUR,premier_league,25/26
England,Premier League,17,76986,Chelsea,38,Andrey Santos,1105779,22,180.0,Brazil,M,Right,1909008000.0,39000000.0,EUR,premier_league,25/26
England,Premier League,17,76986,Chelsea,38,Jamie Gittens,1140599,21,178.0,England,M,Right,1972166400.0,29000000.0,EUR,premier_league,25/26
England,Premier League,17,76986,Chelsea,38,Roméo Lavia,1069488,22,181.0,Belgium,M,Right,1909008000.0,21000000.0,EUR,premier_league,25/26
England,Premier League,17,76986,Chelsea,38,Dário Essugo,1110006,21,178.0,Portugal,M,Right,2003702400.0,13900000.0,EUR,premier_league,25/26
England,Premier League,17,76986,Chelsea,38,Omari Kellyman,1162083,20,191.0,England,M,Left,1909008000.0,1600000.0,EUR,premier_league,25/26
England,Premier League,17,76986,Chelsea,38,Marc Cucurella,794939,27,175.0,Spain,D,Left,1877472000.0,52000000.0,EUR,premier_league,25/26
England,Premier League,17,76986,Chelsea,38,Reece James,885908,26,180.0,England,D,Right,1972166400.0,63000000.0,EUR,premier_league,25/26
England,Premier League,17,76986,Chelsea,38,Mamadou Sarr,1154657,20,194.0,Senegal,D,Right,2003702400.0,24000000.0,EUR,premier_league,25/26
England,Premier League,17,76986,Chelsea,38,Malo Gusto,996958,23,179.0,France,D,Right,1909008000.0,36000000.0,EUR,premier_league,25/26
England,Premier League,17,76986,Chelsea,38,Levi Colwill,996911,23,187.0,England,D,Left,1877472000.0,55000000.0,EUR,premier_league,25/26
England,Premier League,17,76986,Chelsea,38,Jorrel Hato,1153079,20,182.0,Netherlands,D,Left,1972166400.0,41000000.0,EUR,premier_league,25/26
England,Premier League,17,76986,Chelsea,38,Wesley Fofana,923894,25,186.0,France,D,Right,1877472000.0,29000000.0,EUR,premier_league,25/26
England,Premier League,17,76986,Chelsea,38,Trevoh Chalobah,826134,26,190.0,England,D,Right,1845936000.0,43000000.0,EUR,premier_league,25/26
England,Premier League,17,76986,Chelsea,38,Josh Acheampong,1403050,20,190.0,England,D,Right,1877472000.0,24000000.0,EUR,premier_league,25/26
England,Premier League,17,76986,Chelsea,38,Benoît Badiashile,904827,25,194.0,France,D,Left,1909008000.0,14500000.0,EUR,premier_league,25/26
England,Premier League,17,76986,Chelsea,38,Tosin Adarabioyo,352668,28,196.0,England,D,Right,1845936000.0,16500000.0,EUR,premier_league,25/26
England,Premier League,17,76986,Chelsea,38,Caleb Wiley,1035645,21,178.0,USA,D,Left,1909008000.0,7600000.0,EUR,premier_league,25/26
England,Premier League,17,76986,Chelsea,38,Robert Sánchez,920546,28,197.0,Spain,G,Right,1909008000.0,19900000.0,EUR,premier_league,25/26
England,Premier League,17,76986,Chelsea,38,Filip Jørgensen,962053,24,190.0,Denmark,G,Both,1940544000.0,14600000.0,EUR,premier_league,25/26
England,Premier League,17,76986,Chelsea,38,Gabriel Słonina,978787,22,193.0,USA,G,Right,1845936000.0,3300000.0,EUR,premier_league,25/26
England,Premier League,17,76986,Chelsea,38,Teddy Sharman-Lowe,1009762,23,194.0,England,G,Right,1845936000.0,465000.0,EUR,premier_league,25/26
England,Premier League,17,76986,Chelsea,38,James Hillson,993436,25,187.0,England,G,Right,,,,premier_league,25/26
England,Premier League,17,76986,Fulham,43,Raúl Jiménez,192442,35,189.0,Mexico,F,Right,1782777600.0,3200000.0,EUR,premier_league,25/26
England,Premier League,17,76986,Fulham,43,Samuel Chukwueze,822470,27,172.0,Nigeria,F,Left,1782777600.0,18500000.0,EUR,premier_league,25/26
England,Premier League,17,76986,Fulham,43,Rodrigo Muniz,1015256,25,184.0,Brazil,F,Right,1909008000.0,22000000.0,EUR,premier_league,25/26
England,Premier League,17,76986,Fulham,43,Jonah Kusi-Asare,1503757,18,196.0,Sweden,F,Both,1782777600.0,3300000.0,EUR,premier_league,25/26
England,Premier League,17,76986,Fulham,43,Oscar Bobb,1065216,22,174.0,Norway,M,Left,1940544000.0,27000000.0,EUR,premier_league,25/26
England,Premier League,17,76986,Fulham,43,Alex Iwobi,352770,30,183.0,Nigeria,M,Right,1845936000.0,21000000.0,EUR,premier_league,25/26
England,Premier League,17,76986,Fulham,43,Emile Smith Rowe,867445,25,182.0,England,M,Right,1877472000.0,18300000.0,EUR,premier_league,25/26
England,Premier League,17,76986,Fulham,43,Kevin,1112879,23,176.0,Brazil,M,Right,1909008000.0,26000000.0,EUR,premier_league,25/26
England,Premier League,17,76986,Fulham,43,Harry Wilson,355528,29,173.0,Wales,M,Left,1782777600.0,27000000.0,EUR,premier_league,25/26
England,Premier League,17,76986,Fulham,43,Sander Berge,793167,28,195.0,Norway,M,Right,1877472000.0,26000000.0,EUR,premier_league,25/26
England,Premier League,17,76986,Fulham,43,Saša Lukić,371222,29,183.0,Serbia,M,Right,1814313600.0,9400000.0,EUR,premier_league,25/26
England,Premier League,17,76986,Fulham,43,Joshua King,1546231,19,172.0,England,M,Right,1877472000.0,26000000.0,EUR,premier_league,25/26
England,Premier League,17,76986,Fulham,43,Tom Cairney,82566,35,185.0,Scotland,M,Left,1814313600.0,530000.0,EUR,premier_league,25/26
England,Premier League,17,76986,Fulham,43,Harrison Reed,365802,31,176.0,England,M,Right,1814313600.0,2100000.0,EUR,premier_league,25/26
England,Premier League,17,76986,Fulham,43,Luke Harris,1134729,21,177.0,Wales,M,Right,1814313600.0,930000.0,EUR,premier_league,25/26
England,Premier League,17,76986,Fulham,43,Issa Diop,825719,29,194.0,Morocco,D,Right,1814313600.0,8199999.0,EUR,premier_league,25/26
England,Premier League,17,76986,Fulham,43,Calvin Bassey,861972,26,185.0,Nigeria,D,Left,1814313600.0,29000000.0,EUR,premier_league,25/26
England,Premier League,17,76986,Fulham,43,Antonee Robinson,803174,28,183.0,USA,D,Left,1845936000.0,24000000.0,EUR,premier_league,25/26
England,Premier League,17,76986,Fulham,43,Timothy Castagne,329417,30,185.0,Belgium,D,Right,1814313600.0,7600000.0,EUR,premier_league,25/26
England,Premier League,17,76986,Fulham,43,Joachim Andersen,362682,30,190.0,Denmark,D,Right,1877472000.0,21000000.0,EUR,premier_league,25/26
England,Premier League,17,76986,Fulham,43,Ryan Sessegnon,836698,26,178.0,England,D,Left,1814313600.0,21000000.0,EUR,premier_league,25/26
England,Premier League,17,76986,Fulham,43,Kenny Tete,190877,30,180.0,Netherlands,D,Right,1845936000.0,8700000.0,EUR,premier_league,25/26
England,Premier League,17,76986,Fulham,43,Jorge Cuenca,868715,26,190.0,Spain,D,Left,1845936000.0,8600000.0,EUR,premier_league,25/26
England,Premier League,17,76986,Fulham,43,Bernd Leno,103335,34,190.0,Germany,G,Right,1814313600.0,5500000.0,EUR,premier_league,25/26
England,Premier League,17,76986,Fulham,43,Benjamin Lecomte,123207,35,186.0,France,G,Left,1814313600.0,825000.0,EUR,premier_league,25/26
England,Premier League,17,76986,Newcastle United,39,Yoane Wissa,805123,29,176.0,DR Congo,F,Right,1877472000.0,23000000.0,EUR,premier_league,25/26
England,Premier League,17,76986,Newcastle United,39,Anthony Gordon,914902,25,183.0,England,F,Right,1909008000.0,67000000.0,EUR,premier_league,25/26
England,Premier League,17,76986,Newcastle United,39,Nick Woltemade,980623,24,198.0,Germany,F,Right,1940544000.0,59000000.0,EUR,premier_league,25/26
England,Premier League,17,76986,Newcastle United,39,Anthony Elanga,979232,24,178.0,Sweden,F,Right,1909008000.0,31000000.0,EUR,premier_league,25/26
England,Premier League,17,76986,Newcastle United,39,William Osula,1122603,22,191.0,Denmark,F,Right,1877472000.0,26000000.0,EUR,premier_league,25/26
England,Premier League,17,76986,Newcastle United,39,Harvey Barnes,855647,28,181.0,England,F,Right,1845936000.0,35000000.0,EUR,premier_league,25/26
England,Premier League,17,76986,Newcastle United,39,Jacob Murphy,372336,31,176.0,England,F,Right,1814313600.0,11000000.0,EUR,premier_league,25/26
England,Premier League,17,76986,Newcastle United,39,Bruno Guimarães,866469,28,182.0,Brazil,M,Right,1845936000.0,72000000.0,EUR,premier_league,25/26
England,Premier League,17,76986,Newcastle United,39,Sandro Tonali,892673,26,181.0,Italy,M,Right,1845936000.0,74000000.0,EUR,premier_league,25/26
England,Premier League,17,76986,Newcastle United,39,Joelinton,560128,29,186.0,Brazil,M,Right,1845936000.0,27000000.0,EUR,premier_league,25/26
England,Premier League,17,76986,Newcastle United,39,Lewis Miley,1400650,20,188.0,England,M,Right,1972166400.0,27000000.0,EUR,premier_league,25/26
England,Premier League,17,76986,Newcastle United,39,Jacob Ramsey,975937,25,180.0,England,M,Right,1909008000.0,36000000.0,EUR,premier_league,25/26
England,Premier League,17,76986,Newcastle United,39,Joe Willock,888550,26,186.0,England,M,Right,1814313600.0,14500000.0,EUR,premier_league,25/26
England,Premier League,17,76986,Newcastle United,39,Joe White,994550,23,186.0,England,M,Left,1814313600.0,205000.0,EUR,premier_league,25/26
England,Premier League,17,76986,Newcastle United,39,Kieran Trippier,69256,35,174.0,England,D,Right,1782777600.0,1400000.0,EUR,premier_league,25/26
England,Premier League,17,76986,Newcastle United,39,Malick Thiaw,1014286,24,194.0,Germany,D,Right,1877472000.0,41000000.0,EUR,premier_league,25/26
England,Premier League,17,76986,Newcastle United,39,Tino Livramento,980634,23,181.0,England,D,Right,1845936000.0,44000000.0,EUR,premier_league,25/26
England,Premier League,17,76986,Newcastle United,39,Lewis Hall,1136730,21,179.0,England,D,Left,1877472000.0,38000000.0,EUR,premier_league,25/26
England,Premier League,17,76986,Newcastle United,39,Dan Burn,99090,34,201.0,England,D,Left,1814313600.0,4099999.0,EUR,premier_league,25/26
England,Premier League,17,76986,Newcastle United,39,Sven Botman,910046,26,193.0,Netherlands,D,Left,1909008000.0,33000000.0,EUR,premier_league,25/26
England,Premier League,17,76986,Newcastle United,39,Fabian Schär,101882,34,186.0,Switzerland,D,Right,1814313600.0,3900000.0,EUR,premier_league,25/26
England,Premier League,17,76986,Newcastle United,39,Emil Krafth,150396,31,184.0,Sweden,D,Right,1782777600.0,810000.0,EUR,premier_league,25/26
England,Premier League,17,76986,Newcastle United,39,Matt Targett,368134,30,183.0,England,D,Left,1782777600.0,2800000.0,EUR,premier_league,25/26
England,Premier League,17,76986,Newcastle United,39,Alex Murphy,1125214,22,188.0,Ireland,D,Left,1845936000.0,1600000.0,EUR,premier_league,25/26
England,Premier League,17,76986,Newcastle United,39,Harrison Ashby,1084284,24,179.0,Scotland,D,Right,1814313600.0,1300000.0,EUR,premier_league,25/26
England,Premier League,17,76986,Newcastle United,39,Aaron Ramsdale,839410,28,191.0,England,G,Right,1782777600.0,12600000.0,EUR,premier_league,25/26
England,Premier League,17,76986,Newcastle United,39,Nick Pope,162653,34,198.0,England,G,Right,1814313600.0,4800000.0,EUR,premier_league,25/26
England,Premier League,17,76986,Newcastle United,39,John Ruddy,1131,39,193.0,England,G,Right,1782777600.0,96000.0,EUR,premier_league,25/26
England,Premier League,17,76986,Newcastle United,39,Mark Gillespie,108508,34,190.0,England,G,Right,1814313600.0,105000.0,EUR,premier_league,25/26
England,Premier League,17,76986,Everton,48,Tyrique George,1403061,20,181.0,England,F,Right,1782777600.0,21000000.0,EUR,premier_league,25/26
England,Premier League,17,76986,Everton,48,Thierno Barry,1395746,23,195.0,France,F,Right,1877472000.0,31000000.0,EUR,premier_league,25/26
England,Premier League,17,76986,Everton,48,Beto,987489,28,194.0,Guinea-Bissau,F,Right,1814313600.0,19300000.0,EUR,premier_league,25/26
England,Premier League,17,76986,Everton,48,Iliman Ndiaye,914309,26,180.0,Senegal,M,Right,1877472000.0,53000000.0,EUR,premier_league,25/26
England,Premier League,17,76986,Everton,48,Jack Grealish,189061,30,180.0,England,M,Right,1782777600.0,21000000.0,EUR,premier_league,25/26
England,Premier League,17,76986,Everton,48,Idrissa Gana Gueye,106337,36,174.0,Senegal,M,Right,1782777600.0,485000.0,EUR,premier_league,25/26
England,Premier League,17,76986,Everton,48,Kiernan Dewsbury-Hall,861970,27,178.0,England,M,Left,1909008000.0,38000000.0,EUR,premier_league,25/26
England,Premier League,17,76986,Everton,48,Carlos Alcaraz,1017392,23,183.0,Argentina,M,Right,1814313600.0,14600000.0,EUR,premier_league,25/26
England,Premier League,17,76986,Everton,48,James Garner,927361,25,182.0,England,M,Right,1909008000.0,48000000.0,EUR,premier_league,25/26
England,Premier League,17,76986,Everton,48,Tyler Dibling,1174472,20,178.0,England,M,Left,1877472000.0,15700000.0,EUR,premier_league,25/26
England,Premier League,17,76986,Everton,48,Dwight McNeil,935543,26,183.0,England,M,Left,1814313600.0,18800000.0,EUR,premier_league,25/26
England,Premier League,17,76986,Everton,48,Merlin Röhl,1064082,23,191.0,Germany,M,Both,1782777600.0,14700000.0,EUR,premier_league,25/26
England,Premier League,17,76986,Everton,48,Tim Iroegbunam,1085950,22,182.0,England,M,Right,1814313600.0,18500000.0,EUR,premier_league,25/26
England,Premier League,17,76986,Everton,48,Harrison Armstrong,1627560,19,185.0,England,M,Right,1845936000.0,12400000.0,EUR,premier_league,25/26
England,Premier League,17,76986,Everton,48,Tyler Onyango,1004342,23,190.0,England,M,Right,,325000.0,EUR,premier_league,25/26
England,Premier League,17,76986,Everton,48,Adam Aznou,1466124,20,178.0,Morocco,D,Left,1877472000.0,6200000.0,EUR,premier_league,25/26
England,Premier League,17,76986,Everton,48,Vitaliy Mykolenko,876643,27,180.0,Ukraine,D,Left,1877472000.0,26000000.0,EUR,premier_league,25/26
England,Premier League,17,76986,Everton,48,Jarrad Branthwaite,979563,24,195.0,England,D,Left,1909008000.0,41000000.0,EUR,premier_league,25/26
England,Premier League,17,76986,Everton,48,James Tarkowski,145188,33,185.0,England,D,Right,1845936000.0,5200000.0,EUR,premier_league,25/26
England,Premier League,17,76986,Everton,48,Jake O'Brien,998253,25,197.0,Ireland,D,Right,1845936000.0,16500000.0,EUR,premier_league,25/26
England,Premier League,17,76986,Everton,48,Michael Keane,110846,33,188.0,England,D,Right,1814313600.0,2800000.0,EUR,premier_league,25/26
England,Premier League,17,76986,Everton,48,Séamus Coleman,76632,37,177.0,Ireland,D,Right,1782777600.0,220000.0,EUR,premier_league,25/26
England,Premier League,17,76986,Everton,48,Nathan Patterson,1020141,24,189.0,Scotland,D,Right,1814313600.0,16300000.0,EUR,premier_league,25/26
England,Premier League,17,76986,Everton,48,Reece Welch,1101370,22,178.0,England,D,,1782777600.0,375000.0,EUR,premier_league,25/26
England,Premier League,17,76986,Everton,48,Elijah Campbell,1144949,21,182.0,England,D,,1814313600.0,210000.0,EUR,premier_league,25/26
England,Premier League,17,76986,Everton,48,Jordan Pickford,138530,32,185.0,England,G,Left,1877472000.0,13900000.0,EUR,premier_league,25/26
England,Premier League,17,76986,Everton,48,Mark Travers,856720,27,191.0,Ireland,G,Right,1877472000.0,2800000.0,EUR,premier_league,25/26
England,Premier League,17,76986,Everton,48,Tom King,603922,31,186.0,Wales,G,Right,1814313600.0,96000.0,EUR,premier_league,25/26
England,Premier League,17,76986,Leeds United,34,Noah Okafor,865523,26,185.0,Switzerland,F,Right,1877472000.0,27000000.0,EUR,premier_league,25/26
England,Premier League,17,76986,Leeds United,34,Dominic Calvert-Lewin,372344,29,187.0,England,F,Right,1845936000.0,24000000.0,EUR,premier_league,25/26
England,Premier League,17,76986,Leeds United,34,Wilfried Gnonto,998951,22,170.0,Italy,F,Right,1845936000.0,17300000.0,EUR,premier_league,25/26
England,Premier League,17,76986,Leeds United,34,Lukas Nmecha,803185,27,185.0,Germany,F,Right,1814313600.0,9100000.0,EUR,premier_league,25/26
England,Premier League,17,76986,Leeds United,34,Joël Piroe,850823,26,181.0,Suriname,F,Left,1814313600.0,9100000.0,EUR,premier_league,25/26
England,Premier League,17,76986,Leeds United,34,Facundo Buonanotte,1117025,21,174.0,Argentina,M,Left,1782777600.0,10900000.0,EUR,premier_league,25/26
England,Premier League,17,76986,Leeds United,34,Ao Tanaka,871886,27,180.0,Japan,M,Right,1845936000.0,14000000.0,EUR,premier_league,25/26
England,Premier League,17,76986,Leeds United,34,Daniel James,828639,28,172.0,Wales,M,Right,1877472000.0,10600000.0,EUR,premier_league,25/26
England,Premier League,17,76986,Leeds United,34,Ethan Ampadu,847097,25,182.0,Wales,M,Right,1909008000.0,28000000.0,EUR,premier_league,25/26
England,Premier League,17,76986,Leeds United,34,Brenden Aaronson,973431,25,178.0,USA,M,Right,1814313600.0,23000000.0,EUR,premier_league,25/26
England,Premier League,17,76986,Leeds United,34,Ilia Gruev,911679,26,185.0,Bulgaria,M,Left,1814313600.0,11000000.0,EUR,premier_league,25/26
England,Premier League,17,76986,Leeds United,34,Anton Stach,889861,27,192.0,Germany,M,Both,1877472000.0,27000000.0,EUR,premier_league,25/26
England,Premier League,17,76986,Leeds United,34,Sean Longstaff,866191,28,187.0,England,M,Right,1877472000.0,14400000.0,EUR,premier_league,25/26
England,Premier League,17,76986,Leeds United,34,Charlie Crew,1158066,20,180.0,Wales,M,Right,1845936000.0,140000.0,EUR,premier_league,25/26
England,Premier League,17,76986,Leeds United,34,Jaka Bijol,886930,27,192.0,Slovenia,D,Right,1909008000.0,18500000.0,EUR,premier_league,25/26
England,Premier League,17,76986,Leeds United,34,Gabriel Gudmundsson,834308,27,181.0,Sweden,D,Left,1877472000.0,21000000.0,EUR,premier_league,25/26
England,Premier League,17,76986,Leeds United,34,Pascal Struijk,836675,26,190.0,Netherlands,D,Left,1814313600.0,23000000.0,EUR,premier_league,25/26
England,Premier League,17,76986,Leeds United,34,James Justin,827681,28,183.0,England,D,Right,1877472000.0,12400000.0,EUR,premier_league,25/26
England,Premier League,17,76986,Leeds United,34,Joe Rodon,828640,28,193.0,Wales,D,Right,1845936000.0,18800000.0,EUR,premier_league,25/26
England,Premier League,17,76986,Leeds United,34,Jayden Bogle,929132,25,178.0,England,D,Right,1845936000.0,16000000.0,EUR,premier_league,25/26
England,Premier League,17,76986,Leeds United,34,Sebastiaan Bornauw,826167,27,190.0,Belgium,D,Right,1877472000.0,7800000.0,EUR,premier_league,25/26
England,Premier League,17,76986,Leeds United,34,Sam Byram,254713,32,183.0,England,D,Right,1782777600.0,390000.0,EUR,premier_league,25/26
England,Premier League,17,76986,Leeds United,34,Lucas Perri,871290,28,196.0,Brazil,G,Right,1877472000.0,9200000.0,EUR,premier_league,25/26
England,Premier League,17,76986,Leeds United,34,Illan Meslier,906076,26,196.0,France,G,Left,1782777600.0,7500000.0,EUR,premier_league,25/26
England,Premier League,17,76986,Leeds United,34,Karl Darlow,123689,35,185.0,Wales,G,Right,1782777600.0,210000.0,EUR,premier_league,25/26
England,Premier League,17,76986,Leeds United,34,Alex Cairns,162417,33,183.0,England,G,Right,1782777600.0,46000.0,EUR,premier_league,25/26
England,Premier League,17,76986,Crystal Palace,7,Ismaïla Sarr,845286,28,185.0,Senegal,F,Right,1877472000.0,38000000.0,EUR,premier_league,25/26
England,Premier League,17,76986,Crystal Palace,7,Jean-Philippe Mateta,848276,29,192.0,France,F,Right,1814313600.0,29000000.0,EUR,premier_league,25/26
England,Premier League,17,76986,Crystal Palace,7,Brennan Johnson,1085180,25,186.0,Wales,F,Right,1909008000.0,32000000.0,EUR,premier_league,25/26
England,Premier League,17,76986,Crystal Palace,7,Jørgen Strand Larsen,876599,26,193.0,Norway,F,Right,1909008000.0,41000000.0,EUR,premier_league,25/26
England,Premier League,17,76986,Crystal Palace,7,Yéremy Pino,984624,23,172.0,Spain,F,Right,1909008000.0,27000000.0,EUR,premier_league,25/26
England,Premier League,17,76986,Crystal Palace,7,Eddie Nketiah,858194,27,175.0,England,F,Right,1877472000.0,10300000.0,EUR,premier_league,25/26
England,Premier League,17,76986,Crystal Palace,7,Evann Guessand,930245,24,185.0,Côte d'Ivoire,F,Right,1782777600.0,24000000.0,EUR,premier_league,25/26
England,Premier League,17,76986,Crystal Palace,7,Christantus Uche,1884145,23,190.0,Nigeria,F,Both,1782777600.0,13200000.0,EUR,premier_league,25/26
England,Premier League,17,76986,Crystal Palace,7,Daniel Muñoz,870360,30,183.0,Colombia,M,Right,1845936000.0,23000000.0,EUR,premier_league,25/26
England,Premier League,17,76986,Crystal Palace,7,Daichi Kamada,794338,29,184.0,Japan,M,Right,1782777600.0,10300000.0,EUR,premier_league,25/26
England,Premier League,17,76986,Crystal Palace,7,Adam Wharton,1109771,22,182.0,England,M,Left,1877472000.0,74000000.0,EUR,premier_league,25/26
England,Premier League,17,76986,Crystal Palace,7,Jefferson Lerma,355796,31,179.0,Colombia,M,Right,1814313600.0,5500000.0,EUR,premier_league,25/26
England,Premier League,17,76986,Crystal Palace,7,Borna Sosa,357584,28,187.0,Croatia,M,Left,1845936000.0,2700000.0,EUR,premier_league,25/26
England,Premier League,17,76986,Crystal Palace,7,Cheick Doucouré,906047,26,181.0,Mali,M,Right,1877472000.0,10600000.0,EUR,premier_league,25/26
England,Premier League,17,76986,Crystal Palace,7,Tyrick Mitchell,988275,26,174.0,England,M,Left,1814313600.0,23000000.0,EUR,premier_league,25/26
England,Premier League,17,76986,Crystal Palace,7,Jesurun Rak-Sakyi,1101362,23,178.0,Ghana,M,Left,1814313600.0,5600000.0,EUR,premier_league,25/26
England,Premier League,17,76986,Crystal Palace,7,Romain Esse,1438837,21,178.0,England,M,Left,1909008000.0,10900000.0,EUR,premier_league,25/26
England,Premier League,17,76986,Crystal Palace,7,Will Hughes,193554,31,185.0,England,M,Left,1814313600.0,4600000.0,EUR,premier_league,25/26
England,Premier League,17,76986,Crystal Palace,7,Justin Devenny,1084311,22,184.0,Northern Ireland,M,Left,1814313600.0,11500000.0,EUR,premier_league,25/26
England,Premier League,17,76986,Crystal Palace,7,David Ozoh,1212155,21,183.0,England,M,Right,1814313600.0,2300000.0,EUR,premier_league,25/26
England,Premier League,17,76986,Crystal Palace,7,Chadi Riad,1064218,23,186.0,Morocco,D,Left,1877472000.0,14600000.0,EUR,premier_league,25/26
England,Premier League,17,76986,Crystal Palace,7,Maxence Lacroix,879674,26,192.0,France,D,Right,1877472000.0,54000000.0,EUR,premier_league,25/26
England,Premier League,17,76986,Crystal Palace,7,Chris Richards,931844,26,188.0,USA,D,Right,1814313600.0,25000000.0,EUR,premier_league,25/26
England,Premier League,17,76986,Crystal Palace,7,Jaydee Canvot,1471671,19,188.0,France,D,Right,1877472000.0,25000000.0,EUR,premier_league,25/26
England,Premier League,17,76986,Crystal Palace,7,Nathaniel Clyne,43215,35,175.0,England,D,Right,1782777600.0,280000.0,EUR,premier_league,25/26
England,Premier League,17,76986,Crystal Palace,7,Rio Cardines,1469007,20,187.0,Trinidad and Tobago,D,Left,1845936000.0,290000.0,EUR,premier_league,25/26
England,Premier League,17,76986,Crystal Palace,7,Caleb Kporha,1465401,19,179.0,England,D,Right,1877472000.0,1000000.0,EUR,premier_league,25/26
England,Premier League,17,76986,Crystal Palace,7,Dean Henderson,788134,29,188.0,England,G,Right,1845936000.0,29000000.0,EUR,premier_league,25/26
England,Premier League,17,76986,Crystal Palace,7,Walter Benítez,249859,33,193.0,Argentina,G,Right,1845936000.0,3700000.0,EUR,premier_league,25/26
England,Premier League,17,76986,Crystal Palace,7,Remi Matthews,581610,32,184.0,England,G,Right,1814313600.0,220000.0,EUR,premier_league,25/26
England,Premier League,17,76986,Nottingham Forest,14,Igor Jesus,981619,25,179.0,Brazil,F,Right,1877472000.0,26000000.0,EUR,premier_league,25/26
England,Premier League,17,76986,Nottingham Forest,14,Chris Wood,50480,34,191.0,New Zealand,F,Right,1814313600.0,5200000.0,EUR,premier_league,25/26
England,Premier League,17,76986,Nottingham Forest,14,Lorenzo Lucca,962364,25,201.0,Italy,F,Right,1782777600.0,22000000.0,EUR,premier_league,25/26
England,Premier League,17,76986,Nottingham Forest,14,Taiwo Awoniyi,359664,28,183.0,Nigeria,F,Right,1814313600.0,7600000.0,EUR,premier_league,25/26
England,Premier League,17,76986,Nottingham Forest,14,Elliot Anderson,994546,23,179.0,England,M,Right,1877472000.0,68000000.0,EUR,premier_league,25/26
England,Premier League,17,76986,Nottingham Forest,14,Ibrahim Sangaré,843754,28,191.0,Côte d'Ivoire,M,Right,1845936000.0,21000000.0,EUR,premier_league,25/26
England,Premier League,17,76986,Nottingham Forest,14,James McAtee,1003334,23,180.0,England,M,Left,1909008000.0,16200000.0,EUR,premier_league,25/26
England,Premier League,17,76986,Nottingham Forest,14,Callum Hudson Odoi,867442,25,177.0,England,M,Right,1845936000.0,32000000.0,EUR,premier_league,25/26
England,Premier League,17,76986,Nottingham Forest,14,Morgan Gibbs-White,865912,26,171.0,England,M,Right,1845936000.0,67000000.0,EUR,premier_league,25/26
England,Premier League,17,76986,Nottingham Forest,14,Dan Ndoye,944327,25,184.0,Switzerland,M,Right,1909008000.0,31000000.0,EUR,premier_league,25/26
England,Premier League,17,76986,Nottingham Forest,14,Omari Hutchinson,1090963,22,174.0,England,M,Left,1909008000.0,28000000.0,EUR,premier_league,25/26
England,Premier League,17,76986,Nottingham Forest,14,Nicolás Domínguez,871765,28,179.0,Argentina,M,Right,1845936000.0,13800000.0,EUR,premier_league,25/26
England,Premier League,17,76986,Nottingham Forest,14,Dilane Bakwa,963298,23,179.0,France,M,Left,1909008000.0,26000000.0,EUR,premier_league,25/26
England,Premier League,17,76986,Nottingham Forest,14,Ryan Yates,846252,28,190.0,England,M,Right,1845936000.0,7200000.0,EUR,premier_league,25/26
England,Premier League,17,76986,Nottingham Forest,14,Murillo,1199282,23,180.0,Brazil,D,Left,1909008000.0,49000000.0,EUR,premier_league,25/26
England,Premier League,17,76986,Nottingham Forest,14,Nikola Milenković,836168,28,195.0,Serbia,D,Right,1877472000.0,26000000.0,EUR,premier_league,25/26
England,Premier League,17,76986,Nottingham Forest,14,Ola Aina,800417,29,182.0,Nigeria,D,Right,1845936000.0,16399999.0,EUR,premier_league,25/26
England,Premier League,17,76986,Nottingham Forest,14,Neco Williams,927356,25,183.0,Wales,D,Right,1877472000.0,26000000.0,EUR,premier_league,25/26
England,Premier League,17,76986,Nottingham Forest,14,Jair,1170722,21,198.0,Brazil,D,Both,1909008000.0,15500000.0,EUR,premier_league,25/26
England,Premier League,17,76986,Nottingham Forest,14,Nicolò Savona,1010220,23,192.0,Italy,D,Right,1909008000.0,14600000.0,EUR,premier_league,25/26
England,Premier League,17,76986,Nottingham Forest,14,Morato,985086,24,190.0,Brazil,D,Left,1877472000.0,13600000.0,EUR,premier_league,25/26
England,Premier League,17,76986,Nottingham Forest,14,Willy Boly,139310,35,195.0,Côte d'Ivoire,D,Right,1782777600.0,290000.0,EUR,premier_league,25/26
England,Premier League,17,76986,Nottingham Forest,14,Eric da Silva Moreira,1418646,20,185.0,Germany,D,Right,1845936000.0,830000.0,EUR,premier_league,25/26
England,Premier League,17,76986,Nottingham Forest,14,Luca Netz,979144,23,180.0,Germany,D,Left,1909008000.0,7700000.0,EUR,premier_league,25/26
England,Premier League,17,76986,Nottingham Forest,14,Zach Abbott,1390490,20,180.0,England,D,Right,1877472000.0,3900000.0,EUR,premier_league,25/26
England,Premier League,17,76986,Nottingham Forest,14,Stefan Ortega,125274,33,186.0,Germany,G,Right,1782777600.0,3800000.0,EUR,premier_league,25/26
England,Premier League,17,76986,Nottingham Forest,14,John Victor,840103,30,197.0,Brazil,G,Right,1845936000.0,4900000.0,EUR,premier_league,25/26
England,Premier League,17,76986,Nottingham Forest,14,Matz Sels,78152,34,188.0,Belgium,G,Right,1814313600.0,3700000.0,EUR,premier_league,25/26
England,Premier League,17,76986,Nottingham Forest,14,Angus Gunn,227946,30,196.0,Scotland,G,Right,1782777600.0,1100000.0,EUR,premier_league,25/26
England,Premier League,17,76986,Tottenham Hotspur,33,Richarlison,840217,29,184.0,Brazil,F,Right,1814313600.0,24000000.0,EUR,premier_league,25/26
England,Premier League,17,76986,Tottenham Hotspur,33,Randal Kolo Muani,871706,27,187.0,France,F,Right,1782777600.0,18200000.0,EUR,premier_league,25/26
England,Premier League,17,76986,Tottenham Hotspur,33,Mathys Tel,1048888,21,183.0,France,F,Right,1940544000.0,23000000.0,EUR,premier_league,25/26
England,Premier League,17,76986,Tottenham Hotspur,33,Dominic Solanke,361420,28,186.0,England,F,Right,1909008000.0,31000000.0,EUR,premier_league,25/26
England,Premier League,17,76986,Tottenham Hotspur,33,Wilson Odobert,1142679,21,182.0,France,F,Right,1877472000.0,18500000.0,EUR,premier_league,25/26
England,Premier League,17,76986,Tottenham Hotspur,33,Dane Scarlett,998772,22,180.0,England,F,Right,1814313600.0,1400000.0,EUR,premier_league,25/26
England,Premier League,17,76986,Tottenham Hotspur,33,Mohammed Kudus,905163,25,176.0,Ghana,M,Left,1940544000.0,54000000.0,EUR,premier_league,25/26
England,Premier League,17,76986,Tottenham Hotspur,33,Xavi Simons,997183,23,179.0,Netherlands,M,Right,1909008000.0,43000000.0,EUR,premier_league,25/26
England,Premier League,17,76986,Tottenham Hotspur,33,Pape Matar Sarr,1002711,23,185.0,Senegal,M,Right,1909008000.0,28000000.0,EUR,premier_league,25/26
England,Premier League,17,76986,Tottenham Hotspur,33,Yves Bissouma,844842,29,181.0,Mali,M,Right,1782777600.0,9200000.0,EUR,premier_league,25/26
England,Premier League,17,76986,Tottenham Hotspur,33,João Palhinha,364612,30,189.0,Portugal,M,Right,1782777600.0,13800000.0,EUR,premier_league,25/26
England,Premier League,17,76986,Tottenham Hotspur,33,Conor Gallagher,904970,26,182.0,England,M,Right,1940544000.0,31000000.0,EUR,premier_league,25/26
England,Premier League,17,76986,Tottenham Hotspur,33,James Maddison,356398,29,175.0,England,M,Right,1845936000.0,19400000.0,EUR,premier_league,25/26
England,Premier League,17,76986,Tottenham Hotspur,33,Dejan Kulusevski,928124,26,186.0,Sweden,M,Left,1845936000.0,16500000.0,EUR,premier_league,25/26
England,Premier League,17,76986,Tottenham Hotspur,33,Lucas Bergvall,1391251,20,186.0,Sweden,M,Right,1940544000.0,36000000.0,EUR,premier_league,25/26
England,Premier League,17,76986,Tottenham Hotspur,33,Rodrigo Bentancur,791190,29,187.0,Uruguay,M,Both,1877472000.0,19300000.0,EUR,premier_league,25/26
England,Premier League,17,76986,Tottenham Hotspur,33,Archie Gray,1142335,20,187.0,England,M,Right,1909008000.0,34000000.0,EUR,premier_league,25/26
England,Premier League,17,76986,Tottenham Hotspur,33,Cristian Romero,829932,28,185.0,Argentina,D,Right,1877472000.0,42000000.0,EUR,premier_league,25/26
England,Premier League,17,76986,Tottenham Hotspur,33,Radu Drăguşin,997103,24,191.0,Romania,D,Right,1909008000.0,14800000.0,EUR,premier_league,25/26
England,Premier League,17,76986,Tottenham Hotspur,33,Micky van de Ven,998247,25,193.0,Netherlands,D,Left,1877472000.0,49000000.0,EUR,premier_league,25/26
England,Premier League,17,76986,Tottenham Hotspur,33,Pedro Porro,913654,26,173.0,Spain,D,Right,1940544000.0,32000000.0,EUR,premier_league,25/26
England,Premier League,17,76986,Tottenham Hotspur,33,Destiny Udogie,983572,23,186.0,Italy,D,Left,1909008000.0,28000000.0,EUR,premier_league,25/26
England,Premier League,17,76986,Tottenham Hotspur,33,Djed Spence,945798,25,184.0,England,D,Right,1877472000.0,31000000.0,EUR,premier_league,25/26
England,Premier League,17,76986,Tottenham Hotspur,33,Kevin Danso,794953,27,190.0,Austria,D,Right,1909008000.0,19400000.0,EUR,premier_league,25/26
England,Premier League,17,76986,Tottenham Hotspur,33,Souza,1482340,20,179.0,Brazil,D,Left,1940544000.0,12400000.0,EUR,premier_league,25/26
England,Premier League,17,76986,Tottenham Hotspur,33,Ben Davies,94758,33,181.0,Wales,D,Left,1814313600.0,2800000.0,EUR,premier_league,25/26
England,Premier League,17,76986,Tottenham Hotspur,33,Ashley Phillips,1134744,21,192.0,England,D,Right,1845936000.0,7500000.0,EUR,premier_league,25/26
England,Premier League,17,76986,Tottenham Hotspur,33,Antonín Kinský,1031251,23,190.0,Czechia,G,Right,1877472000.0,15700000.0,EUR,premier_league,25/26
England,Premier League,17,76986,Tottenham Hotspur,33,Guglielmo Vicario,553606,29,194.0,Italy,G,Right,1845936000.0,17300000.0,EUR,premier_league,25/26
England,Premier League,17,76986,Tottenham Hotspur,33,Brandon Austin,859896,27,188.0,England,G,Right,1877472000.0,530000.0,EUR,premier_league,25/26
England,Premier League,17,76986,West Ham United,37,Adama Traoré,286165,30,178.0,Spain,F,Right,1782777600.0,5700000.0,EUR,premier_league,25/26
England,Premier League,17,76986,West Ham United,37,Valentín Castellanos,877013,27,179.0,Argentina,F,Right,1909008000.0,29000000.0,EUR,premier_league,25/26
England,Premier League,17,76986,West Ham United,37,Callum Wilson,113956,34,180.0,England,F,Right,1782777600.0,4300000.0,EUR,premier_league,25/26
England,Premier League,17,76986,West Ham United,37,Pablo Felipe,1101174,22,184.0,Brazil,F,Right,1909008000.0,18500000.0,EUR,premier_league,25/26
England,Premier League,17,76986,West Ham United,37,Jett Murphy,2115437,18,,England,F,,,,,premier_league,25/26
England,Premier League,17,76986,West Ham United,37,Crysencio Summerville,917005,24,174.0,Netherlands,M,Right,1877472000.0,38000000.0,EUR,premier_league,25/26
England,Premier League,17,76986,West Ham United,37,Jarrod Bowen,552884,29,174.0,England,M,Left,1909008000.0,29000000.0,EUR,premier_league,25/26
England,Premier League,17,76986,West Ham United,37,Mateus Fernandes,1142562,21,178.0,Portugal,M,Right,1909008000.0,49000000.0,EUR,premier_league,25/26
England,Premier League,17,76986,West Ham United,37,Tomáš Souček,799041,31,192.0,Czechia,M,Right,1814313600.0,9700000.0,EUR,premier_league,25/26
England,Premier League,17,76986,West Ham United,37,Keiber Lamadrid,1190165,22,177.0,Venezuela,M,Left,1782777600.0,1300000.0,EUR,premier_league,25/26
England,Premier League,17,76986,West Ham United,37,Soungoutou Magassa,1170560,22,188.0,France,M,Right,1940544000.0,18400000.0,EUR,premier_league,25/26
England,Premier League,17,76986,West Ham United,37,Mohamadou Kanté,1523623,20,189.0,France,M,Right,1940544000.0,905000.0,EUR,premier_league,25/26
England,Premier League,17,76986,West Ham United,37,Freddie Potts,1089582,22,183.0,England,M,Right,1877472000.0,10400000.0,EUR,premier_league,25/26
England,Premier League,17,76986,West Ham United,37,Aaron Wan-Bissaka,863653,28,183.0,DR Congo,D,Right,1940544000.0,14100000.0,EUR,premier_league,25/26
England,Premier League,17,76986,West Ham United,37,El Hadji Malick Diouf,1471764,21,183.0,Senegal,D,Left,1909008000.0,29000000.0,EUR,premier_league,25/26
England,Premier League,17,76986,West Ham United,37,Axel Disasi,827243,28,190.0,France,D,Right,1782777600.0,15500000.0,EUR,premier_league,25/26
England,Premier League,17,76986,West Ham United,37,Konstantinos Mavropanos,829022,28,194.0,Greece,D,Right,1845936000.0,19500000.0,EUR,premier_league,25/26
England,Premier League,17,76986,West Ham United,37,Jean-Clair Todibo,945217,26,189.0,France,D,Right,1877472000.0,24000000.0,EUR,premier_league,25/26
England,Premier League,17,76986,West Ham United,37,Kyle Walker-Peters,823085,29,173.0,England,D,Right,1845936000.0,11200000.0,EUR,premier_league,25/26
England,Premier League,17,76986,West Ham United,37,Max Kilman,894474,29,192.0,England,D,Left,1940544000.0,12600000.0,EUR,premier_league,25/26
England,Premier League,17,76986,West Ham United,37,Oliver Scarles,1150952,20,180.0,England,D,Left,1845936000.0,9100000.0,EUR,premier_league,25/26
England,Premier League,17,76986,West Ham United,37,Łukasz Fabiański,15479,41,190.0,Poland,G,Right,1782777600.0,155000.0,EUR,premier_league,25/26
England,Premier League,17,76986,West Ham United,37,Alphonse Aréola,96531,33,195.0,France,G,Right,1814313600.0,3700000.0,EUR,premier_league,25/26
England,Premier League,17,76986,West Ham United,37,Mads Hermansen,856640,25,187.0,Denmark,G,Right,1909008000.0,15500000.0,EUR,premier_league,25/26
England,Premier League,17,76986,Burnley,6,Lyle Foster,901907,25,180.0,South Africa,F,Right,1845936000.0,8300000.0,EUR,premier_league,25/26
England,Premier League,17,76986,Burnley,6,Armando Broja,996985,24,191.0,Albania,F,Right,1909008000.0,4500000.0,EUR,premier_league,25/26
England,Premier League,17,76986,Burnley,6,Zeki Amdouni,990550,25,183.0,Switzerland,F,Both,1845936000.0,7600000.0,EUR,premier_league,25/26
England,Premier League,17,76986,Burnley,6,Marcus Edwards,795066,27,167.0,England,F,Left,1877472000.0,6600000.0,EUR,premier_league,25/26
England,Premier League,17,76986,Burnley,6,Zian Flemming,875137,27,183.0,Netherlands,F,Right,1877472000.0,12600000.0,EUR,premier_league,25/26
England,Premier League,17,76986,Burnley,6,Loum Tchaouna,1004505,22,180.0,France,F,Left,1909008000.0,13800000.0,EUR,premier_league,25/26
England,Premier League,17,76986,Burnley,6,Jacob Bruun Larsen,809276,27,183.0,Denmark,F,Right,1877472000.0,4400000.0,EUR,premier_league,25/26
England,Premier League,17,76986,Burnley,6,Michael Obafemi,921216,25,172.0,Ireland,F,Right,1814313600.0,565000.0,EUR,premier_league,25/26
England,Premier League,17,76986,Burnley,6,Hannibal Mejbri,1009386,23,182.0,Tunisia,M,Right,1845936000.0,15700000.0,EUR,premier_league,25/26
England,Premier League,17,76986,Burnley,6,Lesley Ugochukwu,1048916,22,188.0,France,M,Right,1909008000.0,21000000.0,EUR,premier_league,25/26
England,Premier League,17,76986,Burnley,6,James Ward-Prowse,161717,31,177.0,England,M,Right,1782777600.0,4500000.0,EUR,premier_league,25/26
England,Premier League,17,76986,Burnley,6,Florentino Luís,855845,26,184.0,Portugal,M,Right,1782777600.0,15500000.0,EUR,premier_league,25/26
England,Premier League,17,76986,Burnley,6,Jaidon Anthony,1020680,26,177.0,England,M,Right,1877472000.0,19400000.0,EUR,premier_league,25/26
England,Premier League,17,76986,Burnley,6,Mike Trésor,826183,27,175.0,Belgium,M,Right,1845936000.0,2100000.0,EUR,premier_league,25/26
England,Premier League,17,76986,Burnley,6,Josh Cullen,792122,30,175.0,Ireland,M,Right,1814313600.0,4099999.0,EUR,premier_league,25/26
England,Premier League,17,76986,Burnley,6,Aaron Ramsey,1000142,23,180.0,England,M,Right,1845936000.0,6600000.0,EUR,premier_league,25/26
England,Premier League,17,76986,Burnley,6,Ashley Barnes,27028,36,186.0,England,M,Right,1782777600.0,145000.0,EUR,premier_league,25/26
England,Premier League,17,76986,Burnley,6,Josh Laurent,552036,31,188.0,England,M,Right,1814313600.0,1500000.0,EUR,premier_league,25/26
England,Premier League,17,76986,Burnley,6,Kyle Walker,44614,36,183.0,England,D,Right,1814313600.0,1400000.0,EUR,premier_league,25/26
England,Premier League,17,76986,Burnley,6,Axel Tuanzebe,817979,28,185.0,DR Congo,D,Right,1782777600.0,4600000.0,EUR,premier_league,25/26
England,Premier League,17,76986,Burnley,6,Maxime Estève,1117223,24,192.0,France,D,Left,1909008000.0,26000000.0,EUR,premier_league,25/26
England,Premier League,17,76986,Burnley,6,Bashir Humphreys,996910,23,186.0,England,D,Left,1877472000.0,13100000.0,EUR,premier_league,25/26
England,Premier League,17,76986,Burnley,6,Quilindschy Hartman,1392044,24,183.0,Netherlands,D,Left,1877472000.0,15500000.0,EUR,premier_league,25/26
England,Premier League,17,76986,Burnley,6,Hjalmar Ekdal,875360,27,187.0,Sweden,D,Right,1814313600.0,4700000.0,EUR,premier_league,25/26
England,Premier League,17,76986,Burnley,6,Lucas Pires,1136896,25,182.0,Brazil,D,Left,1845936000.0,4300000.0,EUR,premier_league,25/26
England,Premier League,17,76986,Burnley,6,Connor Roberts,804613,30,175.0,Wales,D,Right,1814313600.0,1400000.0,EUR,premier_league,25/26
England,Premier League,17,76986,Burnley,6,Jordan Beyer,927175,26,187.0,Germany,D,Right,1814313600.0,1400000.0,EUR,premier_league,25/26
England,Premier League,17,76986,Burnley,6,Joe Worrall,838399,29,193.0,England,D,Right,1845936000.0,1900000.0,EUR,premier_league,25/26
England,Premier League,17,76986,Burnley,6,Martin Dúbravka,42209,37,190.0,Slovakia,G,Right,1782777600.0,485000.0,EUR,premier_league,25/26
England,Premier League,17,76986,Burnley,6,Max Weiss,1128801,22,190.0,Germany,G,Right,1877472000.0,4300000.0,EUR,premier_league,25/26
England,Premier League,17,76986,Burnley,6,Václav Hladký,151518,35,189.0,Czechia,G,Right,1782777600.0,145000.0,EUR,premier_league,25/26
England,Premier League,17,76986,Wolverhampton,3,Hwang Hee-chan,786186,30,177.0,South Korea,F,Right,1845936000.0,5500000.0,EUR,premier_league,25/26
England,Premier League,17,76986,Wolverhampton,3,Tolu Arokodare,987734,25,196.0,Nigeria,F,Right,1877472000.0,18200000.0,EUR,premier_league,25/26
England,Premier League,17,76986,Wolverhampton,3,Mateus Mané,1899647,18,175.0,Portugal,F,Right,1877472000.0,18500000.0,EUR,premier_league,25/26
England,Premier League,17,76986,Wolverhampton,3,Enso González,1402232,21,168.0,Paraguay,F,Left,1877472000.0,2300000.0,EUR,premier_league,25/26
England,Premier League,17,76986,Wolverhampton,3,Adam Armstrong,361352,29,172.0,England,F,Right,1877472000.0,6500000.0,EUR,premier_league,25/26
England,Premier League,17,76986,Wolverhampton,3,Nathan Fraser,1166679,20,188.0,Ireland,F,Right,1845936000.0,625000.0,EUR,premier_league,25/26
England,Premier League,17,76986,Wolverhampton,3,Jean-Ricner Bellegarde,845273,28,170.0,Haiti,M,Right,1845936000.0,17600000.0,EUR,premier_league,25/26
England,Premier League,17,76986,Wolverhampton,3,João Gomes,1015267,25,176.0,Brazil,M,Right,1909008000.0,36000000.0,EUR,premier_league,25/26
England,Premier League,17,76986,Wolverhampton,3,André,1035996,24,176.0,Brazil,M,Right,1909008000.0,26000000.0,EUR,premier_league,25/26
England,Premier League,17,76986,Wolverhampton,3,Angel Gomes,867441,25,168.0,England,M,Right,1782777600.0,10800000.0,EUR,premier_league,25/26
England,Premier League,17,76986,Wolverhampton,3,Jackson Tchatchoua,1096210,24,180.0,Cameroon,M,Right,1909008000.0,13200000.0,EUR,premier_league,25/26
England,Premier League,17,76986,Wolverhampton,3,Rodrigo Gomes,1006073,22,171.0,Portugal,M,Right,1877472000.0,14600000.0,EUR,premier_league,25/26
England,Premier League,17,76986,Wolverhampton,3,Hugo Bueno,1013928,23,180.0,Spain,M,Left,1845936000.0,13000000.0,EUR,premier_league,25/26
England,Premier League,17,76986,Wolverhampton,3,Tawanda Chirewa,1005725,22,181.0,Zimbabwe,M,Right,1814313600.0,440000.0,EUR,premier_league,25/26
England,Premier League,17,76986,Wolverhampton,3,Tommy Doyle,932628,24,172.0,England,M,Right,1845936000.0,6700000.0,EUR,premier_league,25/26
England,Premier League,17,76986,Wolverhampton,3,Ladislav Krejčí,856250,27,191.0,Czechia,D,Left,1782777600.0,21000000.0,EUR,premier_league,25/26
England,Premier League,17,76986,Wolverhampton,3,Pedro Lima,1597270,19,174.0,Brazil,D,Right,1877472000.0,3900000.0,EUR,premier_league,25/26
England,Premier League,17,76986,Wolverhampton,3,Nasser Djiga,1127169,23,187.0,Burkina Faso,D,Right,1909008000.0,6500000.0,EUR,premier_league,25/26
England,Premier League,17,76986,Wolverhampton,3,Yerson Mosquera,1014835,25,188.0,Colombia,D,Right,1909008000.0,13000000.0,EUR,premier_league,25/26
England,Premier League,17,76986,Wolverhampton,3,David Møller Wolfe,1031283,24,185.0,Norway,D,Left,1909008000.0,7300000.0,EUR,premier_league,25/26
England,Premier League,17,76986,Wolverhampton,3,Santiago Bueno,846308,27,189.0,Uruguay,D,Right,1845936000.0,9200000.0,EUR,premier_league,25/26
England,Premier League,17,76986,Wolverhampton,3,Matt Doherty,143047,34,182.0,Ireland,D,Right,1782777600.0,1000000.0,EUR,premier_league,25/26
England,Premier League,17,76986,Wolverhampton,3,Toti Gomes,973418,27,187.0,Portugal,D,Left,1877472000.0,18700000.0,EUR,premier_league,25/26
England,Premier League,17,76986,Wolverhampton,3,Ki-Jana Hoever,954044,24,180.0,Netherlands,D,Right,1814313600.0,3300000.0,EUR,premier_league,25/26
England,Premier League,17,76986,Wolverhampton,3,José Sá,252669,33,192.0,Portugal,G,Right,1814313600.0,3300000.0,EUR,premier_league,25/26
England,Premier League,17,76986,Wolverhampton,3,Sam Johnstone,98427,33,193.0,England,G,Right,1845936000.0,2100000.0,EUR,premier_league,25/26
England,Premier League,17,76986,Wolverhampton,3,Daniel Bentley,101367,32,188.0,England,G,Right,1814313600.0,730000.0,EUR,premier_league,25/26
